Dataset,Split,Shape,Components,Duplicated sets,Set copies,Max set size difference,Max element size difference,Vacant cells,Sparsity (%),Total split time (s),Total layout time (s),Total arrange time (s),Bounding box width,Bounding box height,Bounding box (cells),Blank cells,Blank orthoconvex hull cells,Average set squareness,Average set vertices,Average set straight sides
Tulips,BlockSets,Arbitrary_MSE,1,0,0,0,0,0,0.0,0.0,0.1785,1.2834,5,4,20,8,0,0.6222,6.0,3.0
Tulips,BlockSets,Arbitrary_MSP,1,0,0,0,0,0,0.0,0.0,60.062,2.5516,4,3,12,0,0,0.537,4.4444,3.5556
Tulips,BlockSets,Orthoconvex,1,0,0,0,0,0,0.0,0.0,60.2828,2.06,3,5,15,3,0,0.5833,4.6667,3.3333
Tulips,BlockSets,Nabla,1,0,0,0,0,1,6.67,0.0,60.1936,0.4948,3,5,15,2,0,0.537,4.2222,3.7778
Tulips,BlockSets,Gamma,1,0,0,0,0,0,0.0,0.0,60.2263,0.3745,5,4,20,8,1,0.5426,4.4444,3.5556
DorianGray,BlockSets,Arbitrary_MSE,1,0,0,0,0,0,0.0,0.0,0.7692,4.9373,4,4,16,4,0,0.7917,6.4,2.2
DorianGray,BlockSets,Arbitrary_MSP,1,0,0,0,0,0,0.0,0.0,60.077,1.4265,4,3,12,0,0,0.6833,5.2,3.1
DorianGray,BlockSets,Orthoconvex,1,0,0,0,0,0,0.0,0.0,60.4096,0.8142,3,4,12,0,0,0.6917,5.6,2.6
DorianGray,BlockSets,Nabla,1,0,0,0,0,3,15.0,0.0,60.1838,0.8327,4,5,20,5,0,0.56,5.6,2.8
DorianGray,BlockSets,Gamma,1,0,0,0,0,7,28.0,0.0,60.3154,0.4692,5,5,25,6,0,0.5983,4.8,3.2
BankRobbery,BlockSets,Arbitrary_MSE,3,3,3,13,14,0,0.0,10.3477,119.8148,20.9114,5,8,40,11,0,0.6763,5.7895,2.6316
BankRobbery,BlockSets,Arbitrary_MSP,4,6,7,6,5,0,0.0,9.7007,132.8054,11.3268,6,6,36,7,0,0.7536,4.8696,3.3478
BankRobbery,BlockSets,Orthoconvex,3,3,3,13,14,2,4.76,4.8231,180.7283,9.0688,6,7,42,11,1,0.7439,5.4737,2.6842
BankRobbery,BlockSets,Nabla,4,6,7,6,5,0,0.0,9.3306,301.1141,2.5403,6,6,36,7,1,0.7101,4.6957,3.4348
BankRobbery,BlockSets,Gamma,4,6,7,6,5,1,2.38,9.7518,301.8882,2.4021,7,6,42,12,0,0.6123,4.3478,3.7391
MurderMystery,BlockSets,Arbitrary_MSE,2,4,4,3,1,0,0.0,13.5672,67.3416,19.8135,5,7,35,8,2,0.714,6.3158,2.4737
MurderMystery,BlockSets,Arbitrary_MSP,2,4,4,3,1,0,0.0,19.9056,140.7575,17.4542,6,6,36,9,1,0.7061,6.0,2.5789
MurderMystery,BlockSets,Orthoconvex,2,4,4,3,1,1,2.86,13.7289,180.7679,16.3921,7,5,35,7,1,0.6877,5.6842,2.5789
MurderMystery,BlockSets,Nabla,2,4,4,3,1,6,14.29,13.5524,180.5953,2.9559,7,6,42,9,0,0.6053,5.1579,2.9474
MurderMystery,BlockSets,Gamma,3,5,7,5,8,12,21.43,14.0831,260.8749,2.2785,8,7,56,17,1,0.6712,4.9091,3.2727
BankRobbery,RectEuler,Arbitrary_MSE,3,7,7,21,20,0,0.0,1.4168,83.6632,6.2249,6,7,42,13,0,0.8007,5.5652,2.7391
BankRobbery,RectEuler,Arbitrary_MSP,5,10,12,15,12,0,0.0,1.6181,180.9688,33.3613,5,6,30,1,0,0.756,4.2857,3.7143
BankRobbery,RectEuler,Orthoconvex,5,10,12,15,12,0,0.0,1.6784,242.9694,20.1998,6,5,30,1,1,0.7262,4.2857,3.7143
BankRobbery,RectEuler,Nabla,5,10,12,15,12,0,0.0,1.6541,196.5796,3.2748,6,7,42,13,1,0.7113,4.2857,3.75
BankRobbery,RectEuler,Gamma,6,11,15,11,6,0,0.0,2.7059,307.7456,3.76,6,6,36,7,0,0.7742,4.1935,3.8065
MurderMystery,RectEuler,Arbitrary_MSE,2,7,7,10,11,0,0.0,0.8016,73.1117,16.0328,7,6,42,15,0,0.7061,5.9091,2.8636
MurderMystery,RectEuler,Arbitrary_MSP,2,7,7,10,11,0,0.0,0.7799,120.7108,9.8301,6,6,36,9,0,0.6955,5.0909,3.1364
MurderMystery,RectEuler,Orthoconvex,3,11,15,3,3,0,0.0,1.6178,301.8291,5.8416,5,6,30,3,0,0.7472,4.3333,3.6667
MurderMystery,RectEuler,Nabla,3,11,15,3,3,0,0.0,1.6324,301.4479,2.6388,4,7,28,1,0,0.7694,4.4,3.6
MurderMystery,RectEuler,Gamma,3,11,15,3,3,2,5.71,1.961,302.0831,2.0262,5,7,35,6,1,0.7639,4.3333,3.6667
Tulips,BlockSets,Rectangle,1,0,0,0,0,5,25.0,0.0,4.706,0.5721,4,5,20,3,0,0.1111,4.0,4.0
DorianGray,BlockSets,Rectangle,1,0,0,0,0,11,44.0,0.0,4.2337,0.8069,5,5,25,2,0,0.0,4.0,4.0
BankRobbery,BlockSets,Rectangle,1,0,0,0,0,49,60.49,0.0,60.3437,1.7887,9,9,81,3,0,0.1875,4.0,4.0
MurderMystery,BlockSets,Rectangle,2,4,4,3,1,27,45.0,6.9384,74.9736,2.7038,10,6,60,6,0,0.2105,4.0,4.0
MurderMystery,RectEuler,Rectangle,2,7,7,10,11,19,33.93,1.2457,109.6427,3.7911,7,8,56,10,0,0.3182,4.0,4.0
Icarus,BlockSets,Arbitrary_MSE,1,0,0,0,0,0,0.0,0.0,0.1224,0.6002,3,4,12,4,0,0.6852,6.2222,2.2222
Icarus,BlockSets,Arbitrary_MSP,1,0,0,0,0,0,0.0,0.0,2.004,1.1525,3,3,9,1,0,0.7593,5.1111,2.8889
Icarus,BlockSets,Orthoconvex,1,0,0,0,0,0,0.0,0.0,51.963,1.2353,3,3,9,1,0,0.7593,5.1111,2.8889
Icarus,BlockSets,Nabla,1,0,0,0,0,2,16.67,0.0,60.1677,0.5698,3,4,12,2,0,0.7222,4.8889,3.1111
Icarus,BlockSets,Gamma,1,0,0,0,0,3,25.0,0.0,60.4266,0.2565,4,3,12,1,0,0.6296,4.6667,3.3333
Icarus,BlockSets,Rectangle,1,0,0,0,0,12,60.0,0.0,1.4405,1.2503,5,4,20,0,0,0.0,4.0,4.0
Physics,BlockSets,Arbitrary_MSE,1,0,0,0,0,0,0.0,0.0,3.1888,4.0508,4,3,12,2,0,0.7045,6.5455,2.0909
Physics,BlockSets,Arbitrary_MSP,1,0,0,0,0,0,0.0,0.0,48.6292,3.2978,3,4,12,2,0,0.6742,6.1818,2.3636
Physics,BlockSets,Orthoconvex,1,0,0,0,0,0,0.0,0.0,60.2082,1.3309,3,4,12,2,0,0.6742,6.1818,2.3636
Physics,BlockSets,Nabla,1,0,0,0,0,3,15.0,0.0,60.3195,0.6638,5,4,20,7,0,0.6379,6.1818,2.3636
Physics,BlockSets,Gamma,1,0,0,0,0,8,38.1,0.0,60.21,0.4175,7,3,21,3,0,0.5485,5.2727,3.0909
Physics,BlockSets,Rectangle,1,0,0,0,0,24,66.67,0.0,6.7595,1.7115,6,6,36,2,0,0.0,4.0,4.0
graphs,BlockSets,Arbitrary_MSE,1,0,0,0,0,0,0.0,0.0,1.6016,5.7957,5,4,20,6,0,0.625,4.5,3.5
graphs,BlockSets,Arbitrary_MSP,1,0,0,0,0,0,0.0,0.0,34.381,5.837,4,5,20,6,0,0.625,4.5,3.5
graphs,BlockSets,Orthoconvex,1,0,0,0,0,1,5.0,0.0,60.4501,4.1434,4,5,20,5,1,0.5556,4.3333,3.6667
graphs,BlockSets,Nabla,1,0,0,0,0,1,5.0,0.0,60.2332,0.8855,4,5,20,5,0,0.5556,4.3333,3.6667
graphs,BlockSets,Gamma,1,0,0,0,0,1,5.0,0.0,60.2342,0.3672,5,4,20,5,1,0.4861,4.1667,3.8333
graphs,BlockSets,Rectangle,1,0,0,0,0,4,16.0,0.0,60.4285,1.0511,5,5,25,7,0,0.1667,4.0,4.0
Probability,BlockSets,Arbitrary_MSE,1,0,0,0,0,0,0.0,0.0,14.3143,5.5701,5,4,20,6,0,0.6653,7.1667,2.0
Probability,BlockSets,Arbitrary_MSP,1,0,0,0,0,0,0.0,0.0,60.0764,5.8023,5,3,15,1,0,0.6486,6.5,2.3333
Probability,BlockSets,Orthoconvex,1,0,0,0,0,1,5.0,0.0,60.4081,2.37,5,4,20,5,0,0.6903,6.6667,2.0833
Probability,BlockSets,Nabla,3,4,7,4,7,5,20.0,0.3192,181.3208,1.7364,5,5,25,6,0,0.5702,4.9474,3.2105
Probability,BlockSets,Gamma,2,3,3,5,10,14,28.57,0.1059,120.4972,1.1221,7,7,49,21,0,0.6732,5.3333,2.9333
Probability,BlockSets,Rectangle,3,4,7,4,7,30,61.22,0.1081,19.3506,4.9547,7,7,49,5,0,0.3158,4.0,4.0
Theseus,BlockSets,Arbitrary_MSE,1,0,0,0,0,0,0.0,0.0,5.5491,3.9736,5,5,25,9,0,0.7426,8.4444,0.8889
Theseus,BlockSets,Arbitrary_MSP,1,0,0,0,0,0,0.0,0.0,60.0635,2.6557,4,4,16,0,0,0.7685,6.0,2.3333
Theseus,BlockSets,Orthoconvex,1,0,0,0,0,0,0.0,0.0,60.2509,4.4769,4,5,20,4,0,0.6667,6.2222,2.0
Theseus,BlockSets,Nabla,1,0,0,0,0,4,16.67,0.0,60.2209,1.1368,6,4,24,4,0,0.6852,5.3333,3.0
Theseus,BlockSets,Gamma,1,0,0,0,0,5,13.89,0.0,60.2917,0.504,6,6,36,15,0,0.6852,5.1111,3.1111
Theseus,BlockSets,Rectangle,1,0,0,0,0,23,54.76,0.0,11.7255,2.0575,6,7,42,3,0,0.1111,4.0,4.0
Achilles,BlockSets,Arbitrary_MSE,1,0,0,0,0,0,0.0,0.0,1.0748,5.9671,4,4,16,4,0,0.6458,6.3333,2.6667
Achilles,BlockSets,Arbitrary_MSP,1,0,0,0,0,0,0.0,0.0,25.993,4.8131,4,4,16,4,0,0.6458,6.3333,2.6667
Achilles,BlockSets,Orthoconvex,1,0,0,0,0,2,10.0,0.0,60.2813,4.0389,5,4,20,6,0,0.6417,5.8333,2.5
Achilles,BlockSets,Nabla,1,0,0,0,0,2,8.0,0.0,60.2368,0.8809,5,5,25,11,0,0.6903,6.1667,2.4167
Achilles,BlockSets,Gamma,2,5,5,0,0,4,22.22,0.2619,109.672,0.7248,6,3,18,2,0,0.7059,4.9412,3.1765
Achilles,BlockSets,Rectangle,1,0,0,0,0,25,59.52,0.0,10.3697,1.9244,6,7,42,5,0,0.3333,4.0,4.0
Plants,BlockSets,Arbitrary_MSE,1,0,0,0,0,0,0.0,0.0,0.1757,3.7655,5,5,25,9,0,0.925,10.6667,0.6667
Plants,BlockSets,Arbitrary_MSP,1,0,0,0,0,0,0.0,0.0,60.0329,0.3613,4,4,16,0,0,0.875,6.0,2.3333
Plants,BlockSets,Orthoconvex,1,0,0,0,0,0,0.0,0.0,60.1206,0.24,4,4,16,0,0,0.7917,6.3333,2.1667
Plants,BlockSets,Nabla,1,0,0,0,0,0,0.0,0.0,60.363,0.9597,4,6,24,8,0,0.7917,6.6667,1.8333
Plants,BlockSets,Gamma,1,0,0,0,0,2,6.67,0.0,60.3085,0.5374,5,6,30,12,0,0.7472,7.6667,2.0
Plants,BlockSets,Rectangle,1,0,0,0,0,9,36.0,0.0,12.9868,0.6162,5,5,25,0,0,0.5,4.0,4.0
Sets,BlockSets,Arbitrary_MSE,1,0,0,0,0,0,0.0,0.0,28.6696,7.5892,5,6,30,10,0,0.6139,7.1667,2.5
Sets,BlockSets,Nabla,2,3,3,1,0,3,10.0,0.0694,180.9534,1.7112,5,6,30,7,0,0.5767,4.8,3.2
Sets,BlockSets,Gamma,2,3,3,1,0,7,21.88,0.049,181.0996,1.4706,8,4,32,5,0,0.6333,4.8,3.3333
Sets,BlockSets,Rectangle,1,0,0,0,0,37,58.73,0.0,60.2542,2.6443,9,7,63,6,0,0.0,4.0,4.0
Energy,BlockSets,Arbitrary_MSE,1,0,0,0,0,0,0.0,0.0,0.4828,3.8062,5,6,30,10,0,0.95,9.6,0.4
Energy,BlockSets,Arbitrary_MSP,1,0,0,0,0,0,0.0,0.0,60.0947,5.5536,4,6,24,4,0,0.7533,6.8,2.2
Energy,BlockSets,Orthoconvex,1,0,0,0,0,0,0.0,0.0,60.3691,5.6791,6,4,24,4,1,0.7267,7.2,1.2
Energy,BlockSets,Nabla,1,0,0,0,0,0,0.0,0.0,60.4151,1.0526,6,5,30,10,0,0.72,7.2,1.8
Energy,BlockSets,Gamma,1,0,0,0,0,6,20.0,0.0,60.2445,0.7186,6,5,30,4,0,0.6867,6.0,2.4
Energy,BlockSets,Rectangle,1,0,0,0,0,11,30.56,0.0,60.3338,1.7519,6,6,36,5,0,0.2,4.0,4.0
Appolo11,BlockSets,Arbitrary_MSE,1,0,0,0,0,0,0.0,0.0,0.4458,3.817,5,5,25,9,0,0.6742,7.6364,1.6364
Appolo11,BlockSets,Arbitrary_MSP,1,0,0,0,0,0,0.0,0.0,60.0669,0.4734,4,4,16,0,0,0.6894,5.6364,2.5455
Appolo11,BlockSets,Orthoconvex,1,0,0,0,0,0,0.0,0.0,60.1878,4.2945,4,5,20,4,0,0.5561,6.3636,2.0909
Appolo11,BlockSets,Nabla,2,4,4,1,2,0,0.0,0.9339,180.6027,1.668,4,5,20,4,0,0.6389,4.9333,3.0667
Appolo11,BlockSets,Gamma,2,4,4,1,2,2,8.0,0.9111,180.7822,0.8467,5,5,25,7,0,0.7011,5.0667,2.9333
Appolo11,BlockSets,Rectangle,1,0,0,0,0,13,43.33,0.0,17.2581,1.657,6,5,30,1,0,0.2727,4.0,4.0
Perseus,BlockSets,Arbitrary_MSE,1,0,0,0,0,0,0.0,0.0,9.4197,3.6194,5,6,30,10,0,0.6405,5.8571,3.0
Perseus,BlockSets,Arbitrary_MSP,2,3,3,0,0,0,0.0,0.3397,98.3139,21.3725,5,5,25,5,0,0.6471,4.2353,3.7647
Perseus,BlockSets,Orthoconvex,2,3,3,0,0,0,0.0,0.3483,180.7375,3.158,5,5,25,5,0,0.5931,4.4706,3.5294
Perseus,BlockSets,Nabla,2,3,3,0,0,0,0.0,0.3101,180.9512,2.214,6,4,24,4,0,0.6029,4.2353,3.7647
Perseus,BlockSets,Gamma,2,3,3,0,0,0,0.0,0.327,181.0951,1.0441,5,6,30,10,0,0.6029,4.2353,3.7647
Perseus,BlockSets,Rectangle,1,0,0,0,0,10,27.78,0.0,60.346,1.6242,6,6,36,6,0,0.1429,4.0,4.0
HumanBody,BlockSets,Arbitrary_MSE,2,4,4,2,6,0,0.0,0.5676,61.0773,12.6778,5,5,25,7,0,0.675,5.3,2.9
HumanBody,BlockSets,Arbitrary_MSP,2,4,4,2,6,0,0.0,0.6062,109.4334,1.7651,4,5,20,2,0,0.7167,4.9,3.2
HumanBody,BlockSets,Orthoconvex,2,4,4,2,6,0,0.0,0.5592,133.592,6.5597,5,4,20,2,0,0.6583,4.9,3.1
HumanBody,BlockSets,Nabla,2,4,4,2,6,2,8.33,0.5846,135.0541,2.0228,6,4,24,4,0,0.675,4.6,3.4
HumanBody,BlockSets,Gamma,2,4,4,2,6,7,19.44,0.5306,143.591,1.1034,6,6,36,11,3,0.6433,4.6,3.5
HumanBody,BlockSets,Rectangle,1,0,0,0,0,38,59.38,0.0,60.4143,2.3506,8,8,64,8,0,0.125,4.0,4.0
Heracles,BlockSets,Arbitrary_MSE,1,0,0,0,0,0,0.0,0.0,1.4577,7.3104,5,6,30,4,0,0.5571,5.1429,3.2857
Heracles,BlockSets,Arbitrary_MSP,2,1,1,4,8,0,0.0,1.7346,123.8132,15.4732,6,6,36,10,0,0.6278,4.6667,3.4
Heracles,BlockSets,Orthoconvex,2,1,1,4,8,0,0.0,1.7798,180.9959,3.9394,6,6,36,10,0,0.6111,5.2,3.0667
Heracles,BlockSets,Nabla,2,1,1,4,8,0,0.0,1.7208,180.9485,1.2851,6,7,42,16,1,0.5167,4.4,3.6
Heracles,BlockSets,Gamma,2,1,1,4,8,1,2.86,0.976,180.7511,1.2858,5,7,35,8,0,0.5056,4.2667,3.7333
Heracles,BlockSets,Rectangle,1,0,0,0,0,9,21.43,0.0,60.481,2.0468,6,7,42,7,1,0.1429,4.0,4.0
WWII,BlockSets,Arbitrary_MSE,2,5,5,0,0,0,0.0,0.0064,63.0268,14.0581,6,10,60,20,4,0.7097,10.3333,0.6667
WWII,BlockSets,Arbitrary_MSP,2,5,5,0,0,0,0.0,0.006,180.1989,21.1843,9,5,45,5,1,0.8014,8.6667,0.9167
WWII,BlockSets,Orthoconvex,2,5,5,0,0,0,0.0,0.0076,181.5953,23.604,7,9,63,23,1,0.6208,7.8333,0.9167
WWII,BlockSets,Nabla,2,5,5,0,0,5,7.14,0.0642,180.9037,3.629,7,10,70,25,7,0.6024,7.0,1.8333
WWII,BlockSets,Gamma,2,5,5,0,0,18,25.0,0.013,180.659,2.1429,9,8,72,14,2,0.6218,6.0,2.6667
WWII,BlockSets,Rectangle,2,5,5,0,0,46,50.55,0.0113,180.7135,8.4322,7,13,91,5,0,0.0833,4.0,4.0
Foods,BlockSets,Arbitrary_MSE,9,15,22,12,9,0,0.0,5.3056,68.548,62.4522,5,5,25,3,0,0.8296,4.2222,3.7778
Foods,BlockSets,Arbitrary_MSP,9,15,22,12,9,0,0.0,5.3015,174.5459,61.4129,5,5,25,3,0,0.8296,4.2222,3.7778
Foods,BlockSets,Orthoconvex,2,5,5,2,2,8,22.86,4.6676,180.8884,5.6283,5,7,35,5,0,0.6577,5.0,3.0357
Foods,BlockSets,Nabla,2,5,5,2,2,22,40.74,4.7811,180.5653,2.1768,6,9,54,10,3,0.6405,5.0714,3.0714
Foods,BlockSets,Gamma,3,7,7,12,10,19,30.16,2.7544,240.8426,2.2455,7,9,63,22,1,0.6122,4.5333,3.5333
Foods,BlockSets,Rectangle,2,5,5,2,2,31,51.67,4.7497,92.5604,4.8502,6,10,60,7,0,0.2857,4.0,4.0
Odysseus,BlockSets,Arbitrary_MSE,1,0,0,0,0,0,0.0,0.0,46.9937,12.009,6,6,36,8,0,0.6983,7.0,2.5
Odysseus,BlockSets,Arbitrary_MSP,3,4,6,4,5,0,0.0,1.5288,241.679,25.9857,6,5,30,2,0,0.7019,5.3077,2.9231
Odysseus,BlockSets,Orthoconvex,2,3,3,1,6,1,2.86,1.4543,180.6162,15.7084,7,5,35,6,0,0.5826,5.3043,2.913
Odysseus,BlockSets,Nabla,2,3,3,1,6,11,19.64,1.4638,180.709,3.2705,7,8,56,17,1,0.5906,5.5652,2.8696
Odysseus,BlockSets,Gamma,3,4,6,4,5,10,20.41,1.5601,262.1493,2.1928,7,7,49,11,4,0.5641,4.6154,3.4615
Odysseus,BlockSets,Rectangle,2,3,3,1,6,37,48.05,1.4437,141.3432,6.161,7,11,77,12,1,0.3478,4.0,4.0
Languages,BlockSets,Arbitrary_MSE,3,8,16,0,11,0,0.0,0.0366,150.9898,43.6088,7,8,56,14,3,0.8028,7.9167,1.7083
Languages,BlockSets,Arbitrary_MSP,4,8,20,2,1,0,0.0,0.0334,391.8383,63.1536,6,8,48,6,0,0.6542,5.7857,2.5714
Languages,BlockSets,Orthoconvex,2,8,8,0,0,10,15.87,0.019,180.584,28.1962,7,9,63,11,2,0.7062,9.375,0.6875
Languages,BlockSets,Nabla,3,8,12,2,11,28,33.33,0.0174,301.28,13.903,12,7,84,14,5,0.6154,6.4,2.1
Languages,BlockSets,Gamma,4,8,20,2,1,15,23.44,0.0304,421.8237,6.9938,8,8,64,7,2,0.5826,5.1429,2.9286
Languages,BlockSets,Rectangle,4,8,20,2,1,54,49.09,0.0334,107.6232,61.0446,11,10,110,14,0,0.3214,4.0,4.0
LanguagesLarge,BlockSets,Arbitrary_MSE,12,14,47,6,14,0,0.0,1.1795,509.9795,61.9326,8,8,64,4,0,0.735,5.082,3.0984
LanguagesLarge,BlockSets,Arbitrary_MSP,12,14,47,6,14,0,0.0,1.2155,608.0381,62.3946,8,8,64,4,0,0.7418,4.8525,3.2787
LanguagesLarge,BlockSets,Orthoconvex,7,14,32,8,16,14,17.5,1.1694,497.326,63.8858,10,8,80,6,2,0.7373,6.0,2.5
LanguagesLarge,BlockSets,Nabla,9,14,38,6,12,17,18.89,1.2407,620.4822,60.9461,10,9,90,13,2,0.7106,5.1154,2.9615
LanguagesLarge,BlockSets,Gamma,10,14,43,6,12,14,17.5,1.1691,734.6402,60.5862,10,8,80,6,1,0.6898,4.7368,3.2982
LanguagesLarge,BlockSets,Rectangle,8,14,35,8,16,92,54.76,1.1809,238.6569,61.2053,14,12,168,16,3,0.2449,4.0,4.0
LOTR,BlockSets,Arbitrary_MSE,34,21,159,9,14,0,0.0,44.1088,1301.0292,65.7218,18,16,288,198,92,0.8287,4.3556,3.6889
LOTR,BlockSets,Arbitrary_MSP,35,21,162,7,12,0,0.0,44.4088,1762.014,65.0814,11,11,121,31,1,0.8133,4.2842,3.7705
LOTR,BlockSets,Orthoconvex,18,21,103,12,16,38,24.36,43.5525,1271.6554,66.059,12,13,156,28,2,0.7664,5.371,2.9919
LOTR,BlockSets,Nabla,22,21,117,10,12,51,30.36,44.4462,1517.9015,61.6561,12,14,168,27,4,0.7791,4.6087,3.4783
LOTR,BlockSets,Gamma,25,21,127,9,12,79,37.62,44.0994,1706.9515,61.2986,14,15,210,41,2,0.7705,4.473,3.6351
LOTR,BlockSets,Rectangle,31,21,151,9,10,85,40.48,43.3298,812.9734,61.0907,14,15,210,35,5,0.593,4.0,4.0
Probability,RectEuler,Nabla,2,7,7,1,4,2,10.0,1.9786,126.2271,0.943,5,4,20,4,0,0.7281,5.1579,3.0526
Probability,RectEuler,Gamma,1,0,0,0,0,25,51.02,0.0,60.1972,1.1147,7,7,49,10,0,0.7063,6.1667,2.1667
Probability,RectEuler,Rectangle,2,7,7,1,4,20,50.0,0.7819,16.1366,1.5878,8,5,40,6,0,0.4737,4.0,4.0
Achilles,RectEuler,Gamma,2,5,5,8,8,3,12.0,0.776,120.5831,0.8006,5,5,25,10,0,0.8,4.7059,3.4118
Sets,RectEuler,Arbitrary_MSE,2,7,7,5,10,0,0.0,0.8146,120.7644,7.9855,5,5,25,5,0,0.786,4.7368,3.4211
Sets,RectEuler,Nabla,2,7,7,5,10,1,4.17,0.7878,121.8208,1.1564,4,6,24,3,0,0.7456,4.3158,3.6842
Sets,RectEuler,Gamma,2,7,7,5,10,4,11.43,0.7837,122.9065,0.9845,5,7,35,11,0,0.7219,4.3158,3.6842
Appolo11,RectEuler,Nabla,1,0,0,0,0,3,8.33,0.0,60.1074,0.5843,6,6,36,17,0,0.6818,6.1818,2.2727
Appolo11,RectEuler,Gamma,2,5,5,6,2,0,0.0,0.8077,180.5392,0.7343,5,4,20,4,0,0.6969,4.375,3.625
Perseus,RectEuler,Arbitrary_MSE,3,8,8,10,10,0,0.0,0.7726,63.4828,10.7784,6,4,24,4,0,0.8447,4.1818,3.8182
Perseus,RectEuler,Orthoconvex,3,8,8,10,10,0,0.0,0.7556,179.9654,5.9893,4,6,24,4,0,0.8144,4.0909,3.9091
Perseus,RectEuler,Nabla,3,8,8,10,10,0,0.0,0.8281,180.8271,1.6188,4,6,24,4,0,0.8144,4.0909,3.9091
Perseus,RectEuler,Gamma,3,8,8,10,10,0,0.0,0.7701,181.0663,0.9532,4,6,24,4,0,0.8144,4.0909,3.9091
HumanBody,RectEuler,Arbitrary_MSE,3,4,4,14,10,0,0.0,0.7637,61.605,7.2897,5,6,30,12,0,0.8083,5.3,3.1
HumanBody,RectEuler,Arbitrary_MSP,3,4,4,14,10,0,0.0,0.7596,81.9596,2.0589,4,5,20,2,0,0.7792,4.8,3.4
HumanBody,RectEuler,Orthoconvex,3,4,4,14,10,0,0.0,0.7884,135.9007,1.7833,4,5,20,2,0,0.7458,4.9,3.1
HumanBody,RectEuler,Nabla,3,4,4,14,10,2,6.67,0.8245,131.9186,2.0136,5,6,30,10,3,0.75,4.7,3.4
HumanBody,RectEuler,Gamma,3,4,4,14,10,4,13.33,0.794,158.5529,0.9453,5,6,30,8,0,0.7208,4.6,3.5
Heracles,RectEuler,Arbitrary_MSE,2,1,1,20,22,0,0.0,0.7799,120.2201,5.1207,5,6,30,4,0,0.5778,4.8,3.4
Heracles,RectEuler,Orthoconvex,3,2,2,19,19,0,0.0,1.6013,181.7699,13.0365,5,6,30,4,0,0.5833,4.5,3.5
Heracles,RectEuler,Nabla,4,3,3,18,19,20,40.82,2.3083,242.0883,3.5321,7,7,49,3,0,0.6373,4.7059,3.4706
Heracles,RectEuler,Gamma,3,2,2,19,19,0,0.0,1.5502,182.1861,1.2055,5,7,35,9,1,0.5646,4.375,3.75
WWII,RectEuler,Arbitrary_MSE,2,6,6,1,16,0,0.0,0.7746,121.4757,23.2346,9,6,54,14,2,0.8244,8.9231,1.4615
WWII,RectEuler,Arbitrary_MSP,3,6,11,2,8,0,0.0,1.5786,191.3656,26.2782,7,7,49,9,0,0.8481,5.5556,2.5556
WWII,RectEuler,Orthoconvex,3,6,11,2,8,0,0.0,1.9361,301.4356,11.1758,7,7,49,9,0,0.7704,5.2222,2.8333
WWII,RectEuler,Nabla,3,6,11,2,8,0,0.0,1.7786,301.0005,5.6336,8,8,64,24,2,0.6685,5.1111,3.1667
WWII,RectEuler,Gamma,3,6,11,2,8,2,3.57,1.5439,301.7042,2.7404,8,7,56,14,2,0.5974,4.7778,3.2222
WWII,RectEuler,Rectangle,2,6,6,1,16,54,45.0,0.7872,129.2737,7.7459,12,10,120,26,0,0.2308,4.0,4.0
Foods,RectEuler,Arbitrary_MSE,10,16,26,7,5,0,0.0,5.4361,87.2751,61.3558,5,5,25,3,0,0.8469,4.1224,3.8776
Foods,RectEuler,Arbitrary_MSP,10,16,26,7,5,0,0.0,5.5553,166.6718,60.8831,5,5,25,3,0,0.8469,4.1224,3.8776
Foods,RectEuler,Orthoconvex,3,11,12,14,10,2,6.67,1.6045,184.8589,12.0645,5,6,30,6,0,0.7548,4.5143,3.5143
Foods,RectEuler,Nabla,5,14,16,16,9,2,6.67,2.3757,259.1043,2.9927,5,6,30,6,0,0.8205,4.4615,3.5641
Foods,RectEuler,Gamma,5,14,16,16,9,8,19.05,2.3381,266.2191,2.4205,7,6,42,12,1,0.7991,4.359,3.641
Foods,RectEuler,Rectangle,2,6,6,13,10,43,53.75,0.7893,121.403,6.1172,8,10,80,15,0,0.3448,4.0,4.0
Odysseus,RectEuler,Arbitrary_MSE,6,15,17,14,12,0,0.0,1.5791,146.9888,10.8702,5,6,30,2,0,0.8986,4.7027,3.4054
Odysseus,RectEuler,Orthoconvex,6,15,17,14,12,0,0.0,1.5542,242.8189,10.6008,6,5,30,2,0,0.818,4.5946,3.4595
Odysseus,RectEuler,Nabla,6,15,17,14,12,1,2.78,1.5331,242.8169,4.3986,6,6,36,7,0,0.8126,4.4324,3.6216
Odysseus,RectEuler,Gamma,6,15,17,14,12,4,11.11,1.5294,245.1099,2.2968,6,6,36,4,1,0.8239,4.4324,3.6757
Odysseus,RectEuler,Rectangle,2,7,7,11,10,30,50.0,0.7698,123.7343,5.0345,6,10,60,2,0,0.4815,4.0,4.0
Languages,RectEuler,Arbitrary_MSE,2,5,5,3,14,0,0.0,0.766,121.235,29.3053,7,10,70,28,4,0.8352,11.8462,0.4615
Languages,RectEuler,Arbitrary_MSP,3,7,11,2,2,0,0.0,1.5401,271.0337,60.6141,7,8,56,14,0,0.8553,5.6842,2.7368
Languages,RectEuler,Orthoconvex,3,7,11,2,2,0,0.0,1.8073,301.6886,45.8902,7,7,49,7,0,0.7035,5.5789,2.6316
Languages,RectEuler,Nabla,3,7,11,2,2,2,3.57,1.7518,301.0805,6.6476,8,7,56,12,2,0.6412,5.3684,2.9474
Languages,RectEuler,Gamma,3,7,11,2,2,1,1.39,1.5313,301.6393,3.4784,8,9,72,29,5,0.7294,5.5789,2.8421
Languages,RectEuler,Rectangle,3,7,11,2,2,27,33.33,1.5876,96.394,8.5028,9,9,81,12,0,0.2105,4.0,4.0
LanguagesLarge,RectEuler,Arbitrary_MSE,3,13,20,3,10,0,0.0,1.532,185.9704,61.9727,9,10,90,30,1,0.7407,6.7059,2.2059
LanguagesLarge,RectEuler,Arbitrary_MSP,5,14,28,8,17,0,0.0,3.1324,421.186,62.6069,9,7,63,3,0,0.8278,5.5238,2.881
LanguagesLarge,RectEuler,Orthoconvex,4,14,25,8,16,1,1.39,2.4974,364.5733,62.6424,8,9,72,11,2,0.7397,5.641,2.7692
LanguagesLarge,RectEuler,Nabla,4,14,25,8,16,41,39.05,2.5847,367.4464,28.7895,15,7,105,4,1,0.6839,5.0256,3.1282
LanguagesLarge,RectEuler,Gamma,6,14,33,8,13,15,16.67,4.4757,489.1571,14.232,10,9,90,15,0,0.7727,4.7234,3.4043
LanguagesLarge,RectEuler,Rectangle,3,13,20,3,10,70,41.42,1.7435,196.0243,37.2264,13,13,169,39,0,0.2941,4.0,4.0
LOTR,RectEuler,Arbitrary_MSE,6,21,60,9,22,0,0.0,4.6385,362.1645,65.8603,12,11,132,42,10,0.8412,6.5679,2.6049
LOTR,RectEuler,Arbitrary_MSP,8,21,73,10,15,0,0.0,5.6689,677.71,66.3037,12,12,144,54,1,0.8388,5.2553,3.1489
LOTR,RectEuler,Orthoconvex,8,21,73,10,15,5,3.79,5.9557,787.6888,64.9103,12,11,132,37,6,0.8039,5.2128,3.0106
LOTR,RectEuler,Nabla,11,21,91,10,13,6,5.56,7.8936,1049.3996,61.372,9,12,108,12,2,0.8082,4.5536,3.5
LOTR,RectEuler,Gamma,11,21,91,10,13,14,10.61,7.6257,1049.4442,60.7792,12,11,132,28,6,0.7588,4.5179,3.5357
LOTR,RectEuler,Rectangle,9,21,76,12,18,106,50.48,6.3832,545.675,62.5799,14,15,210,14,1,0.5567,4.0,4.0
